Year,Total Cites,Journal Impact Factor,Impact Factor without Journal Self Cites,5-Year Impact Factor,Immediacy Index,Citable Items,Cited Half-Life,Citing Half-life,Eigenfactor Score,Article Influence Score,% Articles in Citable Items,Normalized Eigenfactor,avgJifPercentile,Journal
2017,"2,758",6.838,6.218,6.896,0.895,114,3.6,6.3,0.006,1.399,95.61,0.66900,96.12500,Biofabrication
2016,"1,922",5.240,4.829,5.820,1.566,76,3.5,6.2,0.00471,1.342,96.05,0.54075,91.77500,Biofabrication
2015,"1,216",4.702,4.233,5.032,0.789,57,2.9,6.0,0.00381,1.165,98.25,0.43392,89.56300,Biofabrication
2014,839,4.289,3.963,4.752,0.681,72,3.1,6.6,0.00314,1.198,98.61,0.35144,85.87500,Biofabrication
2013,530,4.302,3.904,4.319,0.808,52,2.7,6.2,0.002,1.064,98.08,0.22082,87.78800,Biofabrication
2012,301,3.705,3.459,3.524,0.387,31,2.3,6.0,0.00143,0.997,93.55,Not Available,85.06800,Biofabrication
2011,189,3.480,3.140,3.480,0.438,32,1.7,5.2,7.6E-4,0.824,93.75,Not Available,87.79200,Biofabrication
2010,61,1.857,1.238,1.857,0.759,29,Not Available,5.3,1.2E-4,0.296,89.66,Not Available,48.64300,Biofabrication
